Age,Tenure,MonthlySpending_KRW,ContractType,CustomerServiceCalls,IsChurn
56,29,249010,1,6,0
69,44,54542,1,6,0
46,53,30651,1,1,0
32,24,119239,0,5,1
60,58,361075,1,1,0
25,3,246416,1,5,0
38,20,384256,2,9,1
56,46,298859,0,2,0
36,15,457625,0,1,1
40,25,175378,1,5,0
28,30,170158,1,1,1
28,14,427592,1,4,0
41,7,343494,1,1,1
53,17,353569,1,2,1
57,44,449852,2,2,0
41,20,368264,1,5,0
20,36,397033,2,5,1
39,9,464865,1,9,1
19,38,447826,2,2,0
41,48,161130,2,2,0
61,57,275948,0,0,0
47,22,356781,2,6,0
55,54,491249,0,7,0
19,53,352338,2,1,0
38,53,359061,1,3,1
50,2,84200,0,9,1
29,24,125848,1,6,1
39,8,126022,2,7,0
61,11,197691,0,0,1
42,13,430370,1,3,0
66,17,432755,1,5,0
44,8,276453,2,2,0
59,21,342202,1,4,0
45,18,82068,0,9,1
33,30,490529,0,8,1
32,18,382076,1,2,0
64,46,181445,1,4,1
68,47,184226,2,7,1
61,31,157103,0,5,0
69,38,244605,1,3,0
20,32,223047,0,7,1
54,11,304929,0,2,0
68,45,492144,1,2,0
24,25,269768,1,3,0
38,33,179741,1,8,0
26,38,114475,2,4,1
56,41,22282,1,7,0
35,8,185696,2,5,0
21,11,199510,2,2,0
42,22,240972,1,7,0
31,51,349678,2,8,1
67,24,182777,1,7,0
26,41,451460,0,3,0
43,17,357108,1,5,0
19,12,188509,0,0,0
37,57,228944,1,3,0
45,46,488094,1,7,0
64,32,139006,0,0,0
24,15,256440,0,2,1
61,16,224054,2,0,0
25,54,332727,1,8,1
64,22,320536,0,1,0
52,28,27461,1,8,1
31,20,120123,1,3,0
34,33,292660,1,1,1
53,10,492501,2,3,0
67,40,168586,1,9,1
57,32,403395,0,5,1
21,50,449484,2,6,0
19,33,251496,2,2,0
23,2,187860,0,2,0
59,33,226821,0,9,0
21,33,212121,0,7,0
46,41,344637,1,4,0
35,13,56027,1,3,0
43,30,375691,1,6,0
61,33,193921,2,6,0
51,13,382271,1,8,1
27,52,168930,0,8,0
53,26,235234,0,4,1
31,22,99003,1,7,0
48,39,203467,0,9,1
65,2,59758,1,0,0
32,38,336456,2,8,1
25,39,350814,0,7,0
31,26,102279,1,5,0
40,46,35434,1,2,1
57,58,215119,1,2,0
38,50,460991,0,7,0
33,15,357913,1,4,1
62,34,265754,0,9,0
35,42,348821,2,6,1
64,55,103555,0,4,1
41,44,148379,1,7,0
43,49,236992,1,9,0
42,40,259511,2,9,0
62,11,196806,0,3,0
58,3,383809,0,1,0
46,59,453819,0,2,1
32,6,489924,0,7,1
62,9,495142,0,6,1
18,6,88803,1,1,0
42,9,452548,0,5,0
24,39,373847,0,8,1
26,31,303456,2,3,1
41,32,244448,0,8,0
18,41,497742,0,1,0
61,50,195251,0,1,0
25,12,222514,2,8,1
41,8,265404,0,6,1
28,8,137961,2,6,1
68,50,322523,1,0,0
34,28,37297,0,5,1
25,20,284155,2,6,0
52,47,140234,0,5,0
52,59,64014,0,5,1
50,7,263166,2,1,0
22,11,424954,1,5,0
59,20,376477,1,3,0
56,16,198570,0,8,1
58,4,278864,1,0,1
45,6,293264,1,7,0
24,58,421983,0,4,0
26,22,304996,0,0,1
25,26,361383,0,3,0
29,3,414145,0,0,1
51,41,228559,2,5,0
50,42,111575,1,1,0
65,14,115040,2,4,1
40,11,168510,0,6,1
41,18,199587,1,1,0
54,54,25744,0,5,0
52,12,234892,0,5,0
61,23,455633,0,4,0
57,12,420285,0,4,0
39,13,324503,1,2,0
44,25,170871,2,9,1
52,45,380890,1,9,1
18,51,244834,0,1,0
52,58,140906,0,6,0
54,19,221260,0,0,0
64,55,240931,1,5,0
31,46,273593,1,5,0
20,36,258746,2,2,1
18,45,27597,0,1,0
22,8,329237,1,1,0
43,29,450442,1,8,1
31,55,223199,1,4,1
56,53,396794,1,6,0
44,55,228434,1,4,1
26,32,177489,1,6,0
32,51,431909,0,3,1
32,44,492890,1,7,0
43,18,403100,0,9,1
59,6,135598,1,9,0
30,18,270100,1,6,0
68,19,278589,1,9,0
49,22,204233,2,4,1
56,37,272388,2,5,0
66,32,153241,2,4,1
69,56,235164,1,6,1
49,41,173124,1,1,0
21,59,485065,1,4,1
47,3,224923,2,9,0
54,28,28036,1,2,0
40,10,51778,2,8,1
56,51,440950,2,5,0
62,35,174245,1,9,0
32,29,181475,0,2,0
60,54,479537,0,6,0
46,15,222747,2,3,1
53,33,419560,0,2,0
30,7,38800,2,7,0
49,12,307516,1,3,0
24,49,343660,1,0,0
68,30,302682,2,5,0
39,21,346062,1,9,1
45,31,428189,1,0,0
19,58,353299,1,4,0
59,24,251312,0,6,1
62,20,79500,1,5,0
23,37,187647,0,1,1
45,4,256527,2,3,1
45,28,455477,2,1,1
61,44,130659,0,0,0
61,20,47716,1,2,0
37,24,416452,1,2,0
47,50,429064,0,6,0
28,49,22352,2,0,0
45,51,153004,0,8,1
42,32,358593,0,5,0
56,41,28556,1,3,1
50,36,281973,1,2,0
18,58,368980,1,2,1
44,53,156570,1,1,0
69,34,227190,1,1,0
30,36,70098,1,9,0
58,2,477602,0,4,1
20,15,394313,0,8,1
56,34,160641,0,1,1
23,36,267199,0,1,1
25,6,146060,1,5,1
44,39,207954,0,9,0
26,42,221465,0,1,0
54,51,150544,0,3,1
50,51,20340,2,5,0
68,58,195021,2,4,0
59,54,102302,1,0,0
61,12,475659,2,5,0
41,3,242740,1,0,0
32,45,487243,1,2,1
49,18,20138,0,9,0
49,40,413574,1,4,0
41,21,139619,1,9,1
58,15,488466,1,4,0
69,33,367520,1,9,1
66,35,119931,1,5,0
66,26,443870,1,9,1
69,8,176951,2,7,0
29,36,363676,0,4,0
56,48,337922,1,0,0
19,30,57772,1,4,1
20,23,78478,1,2,0
66,42,477569,1,3,1
54,44,46762,0,7,0
66,14,164355,1,6,0
34,14,214994,0,4,0
66,2,190492,1,1,0
19,55,337712,1,5,1
19,37,367234,1,5,1
45,5,302363,0,9,1
40,38,339313,1,9,1
54,45,94965,0,5,0
49,41,197912,2,8,0
50,54,195767,2,7,1
18,47,256281,2,7,0
36,14,104754,1,0,0
19,56,97988,1,4,0
61,39,471558,0,6,0
43,25,170023,0,5,0
49,20,152379,1,4,0
23,2,100388,1,7,1
49,39,372912,2,2,1
21,6,317572,0,5,0
28,17,259779,2,4,0
34,59,374165,1,7,0
55,25,400562,1,3,1
41,57,226846,0,7,1
22,28,190047,0,9,1
69,2,152212,1,1,1
51,35,438058,1,8,1
23,37,308565,0,8,1
39,5,283852,1,9,0
28,1,416846,2,9,1
65,40,432811,2,5,1
33,12,96021,2,3,0
50,56,179380,0,3,0
26,36,64789,0,5,0
23,45,468906,1,4,0
33,23,46086,1,5,1
46,47,299003,0,6,0
20,31,27684,0,6,0
37,11,111088,1,8,0
53,10,414423,0,7,1
36,3,66099,0,5,0
43,54,480712,0,5,0
20,14,86093,0,4,0
36,16,180761,1,0,1
37,10,330795,1,8,1
49,29,33893,1,8,0
24,10,86418,0,8,1
69,12,145074,0,7,0
58,30,385209,1,9,1
50,41,150351,1,2,0
57,1,211083,1,0,1
56,5,58635,0,7,1
35,20,469331,2,6,1
57,8,115071,0,4,1
18,43,491621,1,9,1
28,12,485918,1,6,0
45,1,360662,1,9,1
42,57,388377,0,3,0
67,54,385795,1,8,1
40,20,92805,1,9,0
48,28,472170,0,1,0
47,57,441280,0,8,1
59,43,404957,0,8,1
52,37,361207,2,4,0
24,47,284598,0,0,0
33,37,303022,2,6,1
43,12,202170,1,9,0
65,37,213226,2,9,0
69,49,164063,2,3,0
66,49,88344,1,8,0
19,56,387090,0,5,0
18,44,56593,0,2,0
65,56,56304,0,5,1
29,28,443602,1,9,1
22,47,206292,0,5,0
54,15,133613,0,4,0
49,6,220410,1,1,0
26,44,434299,2,9,1
58,59,38354,0,9,0
52,20,304334,0,1,0
36,50,26142,0,6,0
65,14,441614,2,1,1
33,2,203043,1,5,0
20,9,324006,0,4,0
37,37,204482,0,3,0
41,20,170575,0,6,1
50,26,145438,0,7,0
41,29,68456,2,3,0
69,1,120167,1,0,0
28,55,364179,1,0,0
66,35,290160,2,0,1
25,6,284528,0,0,1
53,37,213392,1,4,0
55,53,428288,2,3,0
57,59,122239,0,8,0
37,5,131431,1,2,0
52,33,362162,0,6,0
65,49,60510,0,7,0
42,51,200005,0,5,0
52,14,303970,1,9,1
42,12,350170,1,0,1
46,42,141668,2,7,1
35,20,262700,1,9,1
63,53,438734,2,2,0
35,50,44045,2,7,1
19,24,201948,0,3,0
52,59,110102,1,7,0
33,43,334063,0,0,0
58,34,119441,1,2,0
53,25,178175,2,5,0
50,50,269877,0,8,0
21,29,449404,1,1,0
50,57,156917,1,0,0
31,39,237770,1,9,0
38,31,449890,0,2,1
65,56,138325,0,3,0
37,47,39337,0,4,0
25,43,173385,0,2,0
24,50,440159,0,9,1
20,23,360093,1,1,1
34,44,282420,0,1,0
50,38,333295,2,6,0
65,20,430827,1,8,1
29,23,163016,1,9,1
68,45,335031,1,1,0
39,52,101442,1,6,0
39,16,69847,2,6,0
63,50,78653,0,6,0
47,42,237144,0,2,0
55,55,273661,1,6,0
55,8,338766,0,0,1
62,50,309954,0,9,1
68,21,97842,0,0,1
25,1,404369,0,4,0
44,55,292647,1,1,0
44,8,104761,0,8,1
51,29,450192,2,6,0
38,32,408583,1,3,0
47,38,293734,1,3,0
50,5,161958,1,1,0
45,47,426082,2,4,0
64,22,348768,0,3,0
50,47,482115,2,0,0
22,34,183864,1,7,0
65,1,422980,1,2,0
36,55,276910,1,5,0
21,55,140356,0,3,0
52,26,237228,1,8,1
66,43,62727,1,6,1
34,10,360615,0,8,1
61,30,28068,1,9,0
45,50,136923,0,2,0
47,18,420511,0,0,1
46,17,454376,0,4,0
63,26,31390,0,2,0
23,8,126752,1,5,1
52,47,433347,0,7,0
58,40,376898,2,3,0
54,49,358113,1,4,0
41,12,166110,0,4,0
46,27,465543,1,3,1
66,8,244790,2,3,1
63,25,359208,1,3,0
48,46,41281,0,3,0
52,4,74189,2,3,0
50,33,282093,1,4,0
69,1,330655,0,1,0
38,19,142115,0,1,0
49,31,28605,1,8,0
40,16,382462,0,1,0
50,14,414597,2,5,0
20,53,479850,0,1,0
35,48,301954,2,4,0
42,5,269415,1,3,0
59,41,175394,0,6,0
48,26,61869,0,6,0
20,28,52955,1,5,0
57,2,81388,1,9,0
63,50,261324,1,4,0
41,6,30207,0,0,0
67,9,238401,0,2,0
49,33,480844,0,8,1
64,41,179292,1,0,0
39,25,497266,0,4,0
40,48,225157,1,1,0
19,13,42031,1,3,0
44,9,483937,2,0,0
59,53,362951,0,2,0
19,13,91312,0,9,0
43,31,79766,1,6,0
34,41,163521,1,9,0
57,11,371977,0,2,0
50,4,207771,2,3,1
26,34,257199,2,1,0
60,38,494469,0,2,1
65,46,256731,0,8,1
56,4,255841,1,2,0
46,38,131041,1,4,0
59,19,136185,0,1,0
43,6,197164,1,3,1
52,34,476887,1,6,1
67,18,30350,0,6,0
42,13,247230,1,2,1
41,41,383003,2,4,0
30,23,281570,0,0,0
24,19,88487,0,9,1
53,45,168694,1,9,1
62,11,143853,2,9,0
37,1,483479,2,0,1
18,24,335261,1,4,1
25,54,255062,1,9,1
63,7,471610,1,8,1
33,25,253077,1,0,1
31,21,383228,0,0,0
29,15,43782,0,3,1
68,1,310598,0,3,0
40,12,350048,1,1,1
32,58,149936,0,8,0
45,7,428808,2,8,1
51,15,173245,0,1,0
19,21,446420,0,8,1
49,19,448812,1,5,0
40,29,447540,1,7,1
39,25,142258,0,9,1
68,33,131668,0,3,0
42,49,474418,2,1,0
39,32,406328,0,1,1
39,49,443966,0,8,1
66,35,489328,2,0,0
69,44,298710,0,6,1
59,38,158262,1,2,0
23,26,58333,0,2,1
32,11,404073,0,1,1
60,35,231977,0,9,1
54,8,109571,0,5,0
50,46,140263,0,9,0
25,14,414805,0,1,0
61,10,45235,1,9,0
61,2,20159,0,3,0
22,46,163217,1,9,0
56,9,494125,2,8,1
21,3,182993,1,8,1
23,21,387003,0,5,0
62,26,167309,2,3,0
49,8,127507,0,6,1
69,48,421460,0,0,0
47,2,34743,1,3,0
64,6,248174,1,4,1
52,28,66101,1,7,0
57,53,262717,0,1,0
69,29,141534,1,4,0
33,26,366371,0,5,1
30,25,250604,2,4,1
67,12,207450,0,8,1
59,5,353270,2,9,1
47,34,338215,1,0,1
36,48,222193,2,2,1
34,37,356907,1,1,0
36,15,255422,1,2,0
45,44,425453,0,9,1
43,36,166721,0,8,0
54,15,188785,0,8,0
43,43,224535,2,9,0
40,48,196481,2,1,0
26,23,199838,1,2,1
29,6,66154,0,3,0
18,46,289160,0,8,0
18,50,492779,1,2,1
64,44,461904,1,6,0
51,59,371822,1,2,1
49,43,394200,2,6,0
65,45,74238,0,6,0
42,21,340752,1,8,1
57,23,109081,1,1,1
62,43,267644,0,5,0
18,55,445113,0,8,1
33,16,333105,0,1,0
56,47,219775,2,1,0
22,53,457973,1,4,1
39,15,309061,1,9,1
46,25,435952,2,9,1
20,36,310134,1,9,1
29,11,82551,0,7,1
43,51,471377,1,8,1
33,15,230695,1,1,1
68,4,173512,1,4,0
54,21,186277,1,6,1
39,13,100811,1,5,0
46,22,274840,0,5,1
31,19,337247,2,6,1
45,34,484028,0,2,1
22,14,454843,0,2,1
64,4,388266,0,9,1
66,48,254104,0,8,1
47,53,39008,0,7,0
63,52,222346,2,4,0
69,46,52402,2,5,0
22,27,204456,0,9,1
29,29,279994,0,0,0
33,47,419009,0,9,1
43,28,156643,0,0,0
43,35,429425,0,3,0
65,8,133550,2,1,0
38,16,456364,0,6,1
56,42,111218,1,1,0
53,36,153296,0,9,0
50,30,199767,2,1,1
47,18,402923,1,4,1
54,2,411858,2,3,0
40,49,261060,1,7,1
27,13,260016,0,3,1
22,4,52441,0,5,0
53,26,258038,1,4,0
51,25,190201,0,1,1
69,30,251324,1,7,0
48,11,344512,0,1,0
27,7,112122,0,8,1
36,31,64760,1,8,0
49,44,305622,1,2,1
18,10,410025,1,3,0
22,39,353998,0,7,0
62,13,376374,1,8,1
21,31,367860,0,2,0
33,7,163252,0,4,0
41,56,118538,1,7,0
33,49,35372,0,2,1
19,42,311940,0,6,0
66,42,471488,0,7,0
45,56,241035,0,9,0
49,36,380970,0,2,0
44,20,402736,0,1,0
37,4,375779,0,9,1
41,54,131022,0,6,1
29,7,74040,1,8,0
67,54,357501,0,0,0
52,1,222440,0,2,0
50,44,98356,0,4,1
50,56,298355,1,2,0
68,45,387570,2,0,0
60,42,287986,1,6,0
54,47,476331,1,6,0
29,59,348996,1,9,1
20,13,407881,1,7,1
18,55,328112,1,4,0
50,22,299652,0,9,0
57,54,173077,0,4,1
27,21,74575,0,4,0
60,22,493958,2,0,1
61,28,170043,1,9,0
46,9,438815,1,4,1
30,26,86914,0,5,0
29,9,269134,1,0,0
48,15,87055,0,6,0
63,10,107697,0,0,1
19,24,126239,2,1,0
68,58,255469,1,1,0
67,57,143106,0,4,1
52,42,287499,2,9,0
40,8,336264,0,6,1
34,24,487835,2,0,1
43,16,320486,0,9,1
25,49,499208,0,0,0
46,26,492076,0,0,0
43,27,22257,0,5,0
27,37,309508,0,1,1
43,4,176044,1,0,0
51,50,131715,2,5,0
68,24,46654,1,1,1
58,19,231841,0,5,0
24,36,363567,1,9,1
21,39,311464,0,7,1
67,10,40808,0,1,1
62,25,72389,1,8,1
28,18,138581,1,7,1
46,19,147927,0,9,1
53,36,54773,0,0,0
42,10,202240,2,6,0
38,33,440963,0,9,1
53,55,358540,1,5,1
27,50,389836,1,5,0
54,5,234764,0,5,0
26,47,77505,0,5,0
41,49,368040,0,9,1
52,35,38135,1,6,1
66,44,110887,1,2,1
52,34,142118,1,5,0
65,33,329521,2,2,0
53,55,174626,1,6,0
35,21,344635,1,6,1
66,17,468837,1,7,0
56,22,265739,1,1,0
49,48,340427,1,8,1
41,37,498356,1,4,0
40,15,299067,1,8,0
49,35,329735,0,9,1
54,28,82261,1,4,0
29,7,336480,0,6,1
66,32,356227,0,8,1
30,11,80948,0,3,1
40,10,260891,1,1,1
42,9,184074,1,8,1
52,14,493314,0,1,1
58,13,486232,1,2,0
47,57,308816,1,9,1
34,25,286357,0,1,0
66,2,161365,1,2,1
37,35,469076,1,5,1
65,7,82507,1,2,0
42,21,77134,1,9,0
39,18,153172,1,7,0
30,3,261225,0,5,1
36,42,213069,0,6,0
66,54,310316,0,0,0
53,39,302276,2,2,0
29,41,268933,0,2,0
58,49,300343,0,1,0
36,11,56609,2,6,0
29,39,194037,2,8,1
26,24,159088,1,3,0
24,46,452995,0,4,1
45,19,314025,0,2,1
31,4,233666,0,8,1
48,26,306616,0,3,0
69,38,202885,0,4,1
36,42,251440,1,0,0
64,32,277803,2,1,1
33,39,187093,0,8,1
22,45,336275,1,1,0
52,46,175159,1,4,0
29,36,32828,0,7,0
42,40,474826,1,2,0
69,37,378808,0,5,0
38,33,152473,0,3,1
53,36,498395,1,6,1
40,3,297337,0,9,1
33,9,243461,2,2,1
56,8,458080,0,5,0
62,33,433523,1,9,1
59,59,384662,1,8,1
56,6,301755,0,9,1
31,41,194863,0,0,0
48,39,425166,1,2,1
22,4,358384,2,1,0
52,13,259719,2,7,0
40,49,228475,1,6,0
46,2,284889,1,1,1
60,5,337387,1,5,0
28,44,286010,1,2,0
35,27,183317,1,7,0
64,32,457940,1,9,1
29,21,410825,2,2,0
26,8,91354,0,9,1
27,38,71374,2,8,0
61,8,134397,1,0,0
34,50,268552,0,4,1
55,3,406721,0,2,0
24,54,443332,0,5,1
63,44,363173,1,9,1
30,58,375718,2,1,0
57,3,433663,0,8,1
59,22,312575,2,5,0
26,6,431124,2,6,0
67,2,49336,0,4,1
44,23,323136,2,8,1
19,44,75350,2,0,0
22,2,89561,1,4,1
46,38,334099,1,9,1
54,17,81240,2,5,0
55,35,171165,1,6,0
36,34,419371,0,3,0
25,23,66607,2,0,1
65,30,446703,1,7,0
62,52,206740,1,9,0
18,8,434179,0,3,0
39,22,201196,1,2,0
69,44,335014,0,6,0
34,58,469763,2,1,0
24,36,84110,0,7,0
42,5,204626,0,5,0
62,13,172008,1,6,0
21,29,399039,0,4,0
53,31,24426,1,8,0
23,47,239911,2,4,0
48,57,309750,2,4,0
36,55,461048,0,2,0
61,16,48151,0,0,0
56,42,492519,2,1,0
44,30,293452,2,7,0
27,57,260853,1,0,0
43,55,475738,1,6,0
36,16,274595,0,4,1
56,12,196743,2,2,0
20,17,110306,1,6,0
62,16,245180,0,8,1
30,12,389128,0,1,0
67,8,22204,2,7,1
45,20,112769,0,8,0
37,3,107265,0,2,1
45,16,313275,1,1,0
25,30,72428,0,6,0
58,45,53870,0,4,1
56,23,123547,2,4,0
18,28,255990,2,9,0
20,51,69067,2,4,1
30,40,471801,2,3,0
45,54,258083,1,4,0
66,5,132217,2,3,0
42,20,434823,0,5,0
50,40,438184,1,3,1
55,56,118934,2,1,0
23,44,162980,0,8,0
61,1,439639,0,1,0
62,57,356851,1,8,1
49,30,229329,0,9,0
62,21,277354,0,5,1
64,20,81215,2,8,0
38,6,206907,2,8,0
33,22,331573,1,2,1
38,18,364296,0,0,1
28,8,128048,0,0,0
54,39,189530,2,2,0
53,32,197241,1,4,0
52,33,158731,0,2,1
36,53,473830,1,8,1
37,16,259977,0,8,0
35,12,359384,1,2,0
64,38,446009,2,2,0
58,52,133688,1,4,0
66,34,328617,1,1,1
31,14,378906,0,5,1
32,36,240460,1,6,1
48,33,389100,1,8,1
18,23,400596,0,5,1
20,50,206823,1,2,1
33,45,408455,0,4,0
40,2,229987,2,3,0
28,41,467470,1,4,0
29,21,289150,2,7,1
27,2,269243,0,7,1
49,27,94218,1,5,1
33,57,216416,1,0,0
25,9,447056,1,7,1
55,1,52430,0,7,1
29,11,43091,1,1,1
41,3,277125,1,3,0
45,52,446199,0,1,0
25,23,43989,0,3,0
45,26,95451,1,9,0
53,4,38990,1,6,0
43,18,372414,0,8,1
25,55,362504,0,7,0
67,6,270541,0,8,1
45,35,318225,1,7,1
45,22,162105,1,1,0
54,43,390416,2,6,0
58,15,298385,2,1,0
53,22,144932,1,1,0
44,37,288083,0,3,1
34,52,133000,0,0,0
26,42,198634,0,4,1
50,12,55063,2,5,0
37,47,227793,1,8,0
30,49,178117,0,9,1
45,42,457985,0,7,0
65,38,329262,1,1,0
46,18,104703,1,0,0
30,45,434841,0,1,0
63,35,255796,2,6,0
52,30,148557,1,3,0
23,24,309220,0,9,1
35,42,273317,2,4,0
68,30,215877,0,6,1
22,14,326749,2,2,0
64,6,366709,2,9,1
42,3,321265,1,1,1
19,16,478317,1,6,0
27,7,313577,0,4,0
47,52,63309,2,0,0
67,14,349612,1,0,0
62,9,457470,1,8,1
22,15,349437,2,4,0
50,21,378402,2,0,0
18,35,451069,2,6,0
35,2,320549,0,8,1
49,27,479868,2,0,0
64,2,63527,1,9,0
66,35,359371,2,3,1
28,18,413708,1,2,0
38,14,244490,0,4,1
43,20,159883,0,6,0
42,18,113344,1,7,1
39,10,175344,1,1,1
44,25,485226,0,6,0
66,2,243564,1,0,0
30,25,67153,0,6,0
50,54,128042,2,7,0
51,33,74110,1,1,0
58,36,165051,0,8,1
52,31,261131,0,0,0
18,14,259173,0,5,0
38,1,48328,1,0,0
65,46,132911,0,2,0
23,16,295011,0,5,1
45,54,79234,2,2,1
34,46,307995,2,7,0
22,52,313423,1,4,0
48,3,268503,2,1,0
22,35,247135,0,3,1
55,41,93402,1,8,0
20,6,297593,1,3,0
40,25,358365,1,9,1
54,13,371224,0,9,1
54,53,25451,1,7,1
27,34,107178,1,4,0
27,8,454532,1,9,1
36,21,476280,0,0,0
34,34,345905,0,6,0
38,4,256562,0,2,0
31,25,321014,0,9,1
26,15,378710,1,7,0
63,4,405893,0,2,0
18,45,143765,2,0,0
68,12,407025,0,4,0
62,32,444089,0,1,0
30,32,148389,1,3,1
21,28,209699,0,0,0
18,13,217227,1,8,0
66,31,307516,1,5,0
57,14,285786,0,7,0
49,20,280220,0,3,0
51,18,441217,0,8,1
45,29,316208,0,1,0
48,6,245898,0,8,1
25,32,296266,0,4,1
56,29,438036,0,5,0
43,43,88431,1,2,0
51,2,75745,1,3,1
20,23,70081,1,5,1
67,19,484118,0,6,0
29,31,421927,0,0,0
18,51,236204,2,6,1
61,5,432009,1,0,0
22,19,421415,2,4,0
47,34,96253,0,5,0
47,10,318335,1,1,0
34,25,292355,1,9,0
65,2,131086,0,8,1
64,11,476285,1,9,1
40,50,469962,1,5,0
32,31,434758,0,6,0
54,56,444528,0,9,1
38,15,458458,1,7,1
31,9,384115,2,9,1
19,23,113783,0,0,1
28,19,145681,0,7,0
68,9,107893,0,3,0
56,35,468604,1,9,1
55,21,178763,0,7,0
51,9,97960,2,5,0
55,28,366532,0,8,1
67,46,42601,0,3,0
51,51,431236,1,1,0
35,7,159227,2,1,1
47,16,220191,1,4,0
32,16,494267,1,9,1
44,33,187849,2,8,0
68,4,301854,0,2,0
51,4,390858,2,7,1
69,39,175604,0,3,1
55,40,148727,1,5,0
50,17,431817,1,9,1
41,37,83227,0,5,0
32,39,156039,2,2,0
47,52,104289,0,4,1
59,29,171094,0,2,0
68,52,456679,1,0,0
34,36,225743,0,6,0
22,38,287866,1,3,1
46,39,178485,0,6,0
21,50,363194,0,2,0
27,37,253820,0,4,0
34,52,256994,0,4,1
27,35,499083,1,1,0
34,7,365740,1,9,1
37,27,348876,2,1,0
41,28,425513,2,3,0
22,22,88323,0,3,0
51,14,305960,1,3,1
23,7,60695,0,5,0
19,37,432918,0,1,0
30,22,438458,1,5,0
60,5,75841,0,6,1
60,55,410642,0,9,1
65,2,218784,2,2,0
28,27,498879,1,7,0
68,21,127096,1,1,0
64,54,112764,0,7,1
40,38,466790,0,4,0
33,15,105744,2,1,1
48,21,310626,0,6,0
28,10,29171,1,1,0
33,23,120755,0,5,0
25,58,128125,1,9,0
21,56,412866,0,2,1
57,39,388226,2,8,1
21,5,23696,2,2,0
42,1,146310,1,2,0
20,13,433274,0,4,0
49,21,171385,2,6,0
20,26,301293,1,7,0
44,50,412208,0,6,1
46,45,335665,1,8,1
49,21,65740,0,4,1
67,53,126611,0,9,1
68,18,418172,1,2,0
36,37,488947,0,5,0
38,45,495828,1,4,0
22,32,268922,0,3,0
35,36,348785,2,1,0
45,17,83811,2,6,1
59,35,465376,2,4,1
39,49,202385,0,3,1
38,11,83232,0,7,1
23,21,297561,1,8,1
18,52,175801,0,8,0
22,55,132492,0,2,1
58,53,50099,1,2,0
29,26,249206,1,4,0
43,4,443177,2,4,1
63,34,425818,0,9,1
51,52,138474,0,1,0
66,48,291400,0,0,0
31,18,499336,2,7,0
43,40,263588,1,2,0
62,35,54681,2,0,1
44,41,111328,2,0,0
26,29,238512,1,1,0
43,52,478005,1,5,0
64,29,325505,0,5,0
39,38,477719,1,2,0
64,42,54540,1,3,1
47,21,177608,1,1,0
60,42,104700,2,1,0
65,13,476259,2,6,0
34,49,360676,1,0,0
43,41,207647,1,6,1
53,17,409770,1,0,0
18,56,416087,0,5,1
25,9,66002,0,2,0
66,41,69812,1,7,0
52,1,435842,1,5,0
69,2,211051,0,1,0
32,48,489273,2,7,1
64,29,277906,0,4,0
39,33,128946,0,7,0
31,10,86668,1,7,0
43,50,119003,0,5,0
45,58,231142,0,1,0
40,40,240462,0,7,0
31,21,325142,1,5,0
41,28,214886,1,5,1
19,11,124601,1,7,0
62,55,458823,1,0,0
43,34,289956,0,1,0
31,8,81844,2,8,1
68,59,221165,0,7,1
24,22,415395,2,6,0
20,8,194870,1,6,0
64,49,94601,2,4,1
40,15,421491,0,1,0
63,17,463790,1,5,0
60,23,330001,0,9,1
64,24,407699,0,2,1
62,45,302844,1,3,0
35,19,277927,0,9,0
55,5,452680,1,1,0
52,32,193423,0,1,0
68,44,113330,0,7,1
32,1,245391,1,7,0
42,23,233606,1,9,0
54,37,427085,1,5,0
45,8,211387,1,4,0
27,13,261133,2,7,1
56,8,434170,0,3,0
34,57,182627,1,3,1
56,23,345497,2,4,0
39,43,495406,1,0,0
43,1,458242,1,0,0
61,45,382916,1,1,0
42,51,198048,1,7,0
34,24,493794,1,6,1
30,35,373646,0,9,1
37,24,396087,0,8,1
42,17,391994,2,4,1
21,5,65095,0,1,1
27,20,165342,1,6,0
20,21,181980,0,7,0
58,40,297667,1,6,0
62,58,82433,0,6,1
35,31,460284,0,4,1
64,46,39991,2,1,0
53,36,292919,2,5,1
64,11,491017,1,3,0
39,52,367139,1,9,1
51,15,474466,1,1,0
64,19,167745,1,8,0
25,7,142808,1,6,0
57,51,178128,0,5,1
66,28,157686,1,4,1
61,51,27415,1,2,0
36,43,266038,2,9,1
59,58,457100,0,9,1
58,5,430180,1,3,0
54,5,450942,1,2,0
23,30,274205,1,7,1
69,54,319188,0,2,0
43,32,208221,1,6,0
51,8,188616,0,6,1
62,10,69976,0,6,1
23,38,445468,1,6,0
54,47,285976,1,1,0
50,32,241883,1,9,0
39,48,231509,2,2,0
38,28,316292,0,9,1
23,17,474456,0,8,1
23,31,259241,1,2,1
65,8,239526,0,1,0
21,40,394374,0,8,1
47,25,367220,0,9,1
28,9,490332,0,8,1
47,2,466675,2,3,0
48,15,320546,0,8,1
41,50,208799,1,2,0
26,3,58578,0,6,1
20,49,110453,1,6,0
68,36,435534,0,7,0
48,4,357859,1,9,1
57,14,228859,1,3,1
54,41,131435,0,2,0
53,41,236101,1,2,0
41,25,171538,0,4,0
48,58,377886,1,0,0
23,55,65475,0,9,1
19,50,342286,2,2,0
37,10,236232,0,5,1
45,21,177636,1,2,1
28,36,173484,0,4,0
21,12,113526,0,8,1
32,27,71001,1,1,1
23,40,339793,2,1,1
66,2,212029,0,5,0
47,54,448733,0,5,0
55,13,164228,0,7,0
68,53,436280,0,1,0
19,32,45711,0,8,0
32,31,50106,1,1,0
28,16,347602,0,0,0
25,32,429805,0,9,1
43,32,412573,1,1,0
68,34,237583,0,6,0
62,11,383898,0,7,1
61,10,158286,0,4,1
22,15,247189,1,5,0
23,17,498947,0,0,1
43,40,146479,1,5,0
21,18,440343,0,7,0
36,55,156213,1,2,1
37,9,48884,0,0,1
50,25,284852,1,3,0
37,40,300519,2,0,1
66,59,35088,1,7,1
29,14,339759,0,4,1
64,58,392282,0,0,0
18,25,196118,0,7,0
43,50,292158,0,8,0
31,22,215497,0,9,0
55,52,416489,1,1,0
54,30,198207,0,8,1
28,20,384986,1,7,0
53,21,444097,1,6,0
30,44,98077,1,2,0
60,32,159784,0,1,1
20,51,225776,2,6,0
50,46,335018,0,4,1
23,49,89087,1,5,0
67,56,294441,1,3,1
27,21,260341,1,1,1
22,35,309272,1,8,1
40,58,88368,0,2,1
27,32,239571,0,6,0
61,30,361102,1,7,0
19,55,315064,0,1,0
30,39,271514,2,5,0
57,49,424372,0,7,1
19,12,162180,0,6,0
37,41,445061,0,2,0
18,47,416016,0,0,0
54,18,279904,1,5,0
26,21,455928,1,7,0
34,13,415826,1,5,1
26,21,97603,2,4,0
28,8,53872,2,7,0
32,46,292872,2,1,0
41,40,377246,0,0,0
55,46,404193,1,0,0
52,7,302727,0,3,1
47,23,105774,0,5,0
48,44,420479,1,8,1
66,32,408518,0,0,0
22,11,218522,0,0,0
61,22,240357,0,4,1
67,22,432672,0,9,1
31,43,373262,2,4,0
28,25,85942,0,4,1
26,22,33689,0,9,0
51,28,446150,1,5,0
29,29,53276,0,7,0
52,13,121968,2,2,0
52,18,433089,0,8,1
18,2,295194,1,0,0
57,29,86216,1,3,1
39,21,235516,2,8,0
46,15,366184,1,7,1
25,52,41644,2,9,0
28,27,82021,0,8,0
58,50,188197,0,0,0
54,31,480115,0,8,1
31,15,62291,2,2,0
47,51,448276,0,9,1
52,23,414754,0,8,1
38,24,449392,0,0,0
54,44,323664,0,0,0
22,13,45675,0,8,1
36,22,169359,2,5,0
31,43,282318,1,3,1
43,37,112268,1,6,0
21,33,317142,1,4,0
42,56,204384,0,9,0
62,3,425328,0,6,1
59,54,125410,0,7,0
42,19,357369,0,7,1
35,23,326958,1,0,1
57,29,367235,0,7,0
25,30,332863,0,5,0
56,39,149887,1,3,0
57,44,316063,2,7,1
31,47,355299,2,2,0
49,25,353713,2,3,0
68,37,323472,1,5,0
55,47,221554,0,6,0
50,8,306762,1,3,1
40,42,54675,0,3,0
32,58,301063,1,6,0
50,16,286317,1,5,0
42,8,391513,0,7,1
34,1,308544,1,0,0
50,44,201517,2,9,0
64,5,90305,0,6,1
19,3,188636,2,6,0
31,1,459030,0,6,1
57,4,492963,1,6,0
57,40,108791,1,9,1
68,35,179034,1,9,0
56,32,498108,2,7,0
68,42,499058,2,8,1
23,34,90533,1,8,0
23,43,207256,0,1,0
20,25,496128,2,6,1
24,10,385735,0,6,1
68,21,161650,2,3,0
25,46,151060,0,8,1
59,39,169696,0,7,0
69,27,321338,1,0,1
32,27,392047,0,1,0
64,2,413605,0,1,1
46,41,381447,0,7,1
50,48,262188,0,0,0
69,13,396047,0,3,1
47,9,349535,0,9,1
56,52,257501,1,4,1
44,36,427010,0,8,1
53,22,340146,1,6,0
46,42,317675,0,7,0
55,26,203887,2,8,1
50,58,24986,2,6,1
54,54,314442,0,4,1
44,12,283625,1,4,1
50,17,338552,2,9,1
21,14,220339,2,5,0
39,14,141950,1,4,0
19,57,430051,0,8,1
27,34,145355,1,2,0
22,53,47798,1,2,1
27,57,111649,1,6,1
50,20,347031,0,6,0
55,11,39477,2,5,0
30,16,430482,2,2,0
48,51,237400,0,6,0
64,31,237060,0,4,0
53,55,409959,0,6,0
62,6,456742,2,1,0
41,56,409570,1,5,0
69,19,425105,1,7,1
32,37,306479,1,0,0
46,58,424470,1,3,0
25,4,368754,0,0,0
22,47,293586,1,0,0
46,4,328433,1,9,1
64,20,335891,2,7,1
21,10,319471,2,6,0
29,24,429415,2,9,1
62,54,354971,1,0,0
19,35,126464,1,1,0
44,26,151184,1,3,0
48,37,107051,2,0,0
68,38,170653,0,2,1
68,21,265300,0,7,1
53,54,79722,0,7,1
53,40,112036,1,7,0
43,39,248634,0,5,0
60,21,167595,0,5,1
44,10,349104,0,4,0
22,38,268709,0,8,0
37,46,301696,2,3,0
28,4,161880,0,9,1
27,57,255419,1,6,0
57,45,485741,1,0,0
55,20,174692,2,8,0
23,17,283031,0,6,1
25,55,313946,2,9,1
40,7,105024,1,8,0
64,4,265809,2,6,0
43,29,138639,2,1,0
63,14,400392,0,5,0
60,3,101938,0,9,1
29,24,237813,0,3,0
43,37,272100,1,2,1
30,16,404890,0,1,0
57,58,308193,0,5,0
35,55,359933,1,7,1
42,52,104526,0,5,0
50,4,421062,0,8,1
64,56,66220,1,4,0
57,24,328307,0,1,0
60,34,416981,0,7,0
29,30,399270,1,8,1
61,18,363630,1,9,1
53,19,458486,2,3,0
65,31,95277,1,5,1
21,19,386389,1,9,1
22,49,142332,1,7,1
54,46,254231,2,8,0
25,19,42931,2,4,1
59,22,109116,2,5,0
66,24,271671,1,3,1
45,45,337777,0,4,0
48,12,493918,0,6,0
26,30,71913,0,8,1
68,58,270216,2,9,0
46,38,114776,1,5,0
31,53,45991,1,5,1
57,31,205917,0,7,1
58,36,124092,2,3,1
39,19,249577,0,2,0
28,48,206384,0,6,0
40,45,423777,0,4,0
18,36,430117,1,1,0
63,30,257113,1,1,0
54,55,115556,2,5,0
38,49,345019,0,7,0
43,55,176989,1,0,0
63,33,344264,1,5,1
53,18,415204,0,1,1
40,52,392185,2,1,0
18,49,148467,1,6,1
68,59,427472,1,9,1
57,28,400634,2,0,1
32,59,238800,1,5,0
38,47,146155,0,6,1
64,11,310374,1,7,1
26,57,79778,0,6,1
26,54,65833,0,5,0
27,45,304769,0,8,1
69,33,52088,1,2,0
43,17,230722,1,5,0
58,6,454383,0,3,0
52,4,386081,1,1,0
69,20,484507,2,0,0
42,48,216375,0,0,0
43,47,96361,0,9,1
28,27,370373,1,2,0
55,15,155189,0,3,0
19,6,110265,1,1,1
24,47,117718,0,0,0
35,14,342854,1,3,1
44,11,114876,1,6,0
51,39,480270,1,9,1
44,9,50949,2,5,0
34,26,435763,2,5,0
60,16,232954,1,8,0
61,5,350280,1,1,0
68,57,131541,0,3,0
41,52,215691,1,4,0
42,10,81842,0,0,0
24,50,252930,2,7,0
69,3,309134,0,7,1
23,13,167265,1,5,0
41,43,312253,0,4,0
50,49,150356,1,7,0
66,30,432449,2,2,0
46,54,264629,0,2,1
60,45,232802,2,1,0
39,6,410277,0,4,1
43,17,185582,1,2,1
45,59,283450,2,2,0
67,45,23849,0,5,0
38,51,32360,2,7,1
66,53,393216,0,1,0
24,19,273279,0,3,0
34,42,114767,2,6,1
37,35,281445,0,0,1
58,46,196872,2,0,0
66,26,450179,2,9,1
37,51,74330,0,6,0
39,5,71707,1,6,0
45,29,300833,0,0,1
57,37,49084,1,0,1
66,20,60387,0,3,0
24,49,356960,0,4,0
18,21,22642,0,4,0
49,10,324281,1,3,1
30,5,493048,2,7,0
47,36,206633,2,6,1
40,6,344404,1,8,1
68,26,166510,1,6,0
36,4,330586,2,9,1
49,39,385205,0,0,0
47,39,416210,1,6,0
46,50,274511,2,0,0
66,35,407988,0,6,0
62,1,381719,1,9,1
46,24,283957,2,7,0
47,57,375171,2,8,1
33,36,405633,1,2,0
57,6,104381,0,3,0
36,41,269880,0,3,0
35,54,337420,0,8,1
18,46,323387,1,6,0
31,44,213984,0,2,0
68,57,80272,2,9,1
64,31,193123,0,4,0
67,20,492070,0,6,0
19,24,233808,1,7,1
45,25,273091,1,0,0
66,36,347762,0,1,0
67,21,284064,1,6,1
47,30,126121,1,1,1
55,24,490435,0,6,1
68,44,96872,0,8,1
21,42,363276,2,1,0
18,30,284237,1,6,0
25,22,295049,0,3,0
46,28,141759,2,1,0
56,7,437567,2,6,0
20,35,313125,1,4,1
49,55,356047,1,0,0
27,28,352965,2,4,0
27,14,391344,2,2,1
36,56,102289,1,6,1
63,10,136506,1,5,0
51,16,497237,1,7,1
50,16,98513,1,4,1
40,54,433090,0,1,0
45,31,202003,1,8,0
49,42,420890,2,7,0
67,25,332660,1,5,0
24,13,279480,1,9,0
46,6,282043,1,6,1
25,44,211758,0,8,1
18,9,351356,1,6,1
20,45,153498,1,2,1
41,36,274024,0,5,1
40,56,150970,0,6,0
25,43,110009,2,1,0
64,20,219570,0,2,1
54,18,443159,0,3,0
20,58,217467,2,9,0
68,43,64816,1,5,0
50,57,24138,1,0,0
45,21,111176,2,8,0
64,4,358089,0,4,1
25,50,286161,1,6,0
51,33,292595,1,8,0
52,27,214028,2,8,0
49,7,376007,1,0,1
41,6,292422,1,0,0
31,15,241552,1,2,1
49,18,63764,1,5,0
63,32,143030,1,1,0
60,56,414350,1,9,1
33,11,345087,1,0,0
21,20,115667,1,0,0
69,24,336462,1,4,0
54,15,385567,1,3,1
38,48,386142,2,0,0
31,7,80128,1,3,0
48,21,239128,2,2,1
65,42,304013,2,1,0
35,26,253540,1,8,0
24,44,25039,1,0,0
27,56,172353,2,6,0
24,14,132935,1,3,0
50,57,30442,2,4,1
40,37,355932,1,9,1
38,58,401873,1,4,0
36,21,309730,0,0,0
65,18,73053,1,5,1
36,5,201561,2,8,0
53,3,234176,1,1,1
46,23,106346,1,6,1
35,26,349231,2,5,1
19,37,425841,1,4,1
18,24,54397,1,3,0
64,49,340815,1,3,1
22,19,136214,1,5,0
37,51,349041,0,3,1
28,25,177221,1,4,0
59,21,473246,1,5,1
19,12,483122,0,4,0
20,57,418499,1,6,0
40,41,420826,1,8,1
29,33,456542,0,9,1
37,50,297068,1,6,0
22,53,133143,0,6,0
54,4,392397,1,3,1
55,42,489378,2,0,0
47,57,382441,1,7,0
26,7,283013,0,3,0
51,22,379232,0,0,0
61,55,283158,0,4,1
52,33,30103,1,7,1
69,17,495738,0,3,0
39,24,392461,1,7,0
61,34,446674,0,7,1
41,28,102409,2,2,0
34,58,43248,0,8,0
27,43,194588,0,2,0
47,41,442277,2,0,0
63,39,175242,0,1,0
40,22,28024,0,5,0
49,49,495430,1,9,1
34,17,254864,1,1,0
67,34,368091,1,5,1
68,6,194875,0,0,0
34,46,432512,1,0,0
31,6,373973,0,4,0
26,34,374852,0,9,1
57,1,368808,2,8,1
19,10,431473,1,7,1
62,21,163927,0,2,1
42,5,105178,1,2,0
56,2,383265,0,0,0
26,22,302169,2,2,0
39,48,417674,0,0,0
60,57,83610,0,7,0
63,2,90843,1,0,1
21,10,127237,1,4,0
43,34,497177,1,8,1
46,16,200903,0,6,1
62,48,194499,0,3,0
51,51,150299,1,8,0
40,39,451722,0,8,1
54,22,25668,2,1,0
28,12,242542,0,9,0
23,24,198267,1,9,1
35,47,355377,1,5,1
38,40,175489,0,3,1
59,38,364126,1,7,0
53,59,126133,2,6,1
58,10,292895,0,6,1
55,35,328362,2,9,1
51,51,408793,1,8,1
34,49,289496,0,4,0
54,32,230124,1,5,0
42,7,108835,0,0,0
55,21,117493,1,5,0
29,20,311071,1,1,0
40,26,192166,2,5,1
59,4,121948,2,8,0
39,46,205194,1,7,0
38,52,49493,1,8,0
44,22,486755,0,9,1
48,15,313851,1,7,0
23,56,219886,0,2,0
44,40,158368,1,7,0
57,21,176470,1,5,1
51,15,317986,0,5,0
29,22,33261,0,5,0
62,52,96709,0,2,0
24,28,115985,1,9,0
27,14,388760,1,0,0
62,27,469920,1,3,0
34,41,349317,1,9,1
43,40,313925,1,5,1
38,58,295796,0,9,1
45,28,287247,0,1,0
63,26,307644,1,6,1
19,49,266404,1,6,0
60,2,120336,0,3,1
18,25,448745,0,3,0
68,56,133499,0,0,0
53,3,169524,1,1,1
68,8,331537,0,8,1
43,44,444390,1,9,1
46,33,477666,2,7,0
38,42,186508,0,7,1
28,52,329550,2,8,1
57,35,345203,1,6,0
28,6,167026,1,8,0
53,39,364866,1,9,1
66,52,270819,1,1,0
56,23,32356,1,5,0
57,25,148128,1,2,0
52,59,22187,0,5,0
51,50,359387,0,2,0
64,43,317242,0,7,0
41,19,172297,0,3,0
39,5,154678,0,9,1
22,51,339764,0,5,0
50,11,446044,1,8,1
53,56,146270,2,1,0
64,12,439705,2,1,0
37,10,296531,1,6,0
36,8,351607,1,1,0
52,24,485048,2,1,0
69,28,262998,1,3,1
60,41,415807,0,8,1
34,36,261503,2,7,0
62,37,461732,1,1,0
60,21,373827,1,7,0
51,8,82061,0,3,1
26,55,255497,0,1,0
43,9,479952,2,9,1
19,47,101257,1,6,0
26,15,81753,0,5,0
26,48,366918,0,9,1
57,46,424303,1,4,0
34,40,444032,1,0,0
18,18,43408,0,1,0
42,42,144116,2,7,0
60,20,151208,0,0,1
57,6,37413,0,2,0
59,12,133650,1,1,1
42,2,79500,0,4,1
56,7,366658,2,3,0
52,16,76358,1,6,0
20,3,86197,1,4,0
67,45,243861,0,7,1
54,3,243492,0,3,0
61,27,281545,0,5,0
61,50,446070,1,3,0
68,43,96240,1,1,0
47,40,255595,2,0,0
55,38,241135,1,0,0
51,33,298466,2,7,0
29,28,395197,1,3,0
36,1,26968,0,4,0
54,55,309662,0,7,1
61,8,334069,1,6,1
66,37,210920,0,7,1
34,32,394044,0,7,0
27,48,375566,1,5,0
66,43,283844,2,9,0
64,37,375926,0,1,0
29,4,252076,1,5,0
33,30,43199,2,0,0
41,6,457805,1,0,0
36,46,183187,0,2,0
25,54,475150,0,2,0
48,19,205388,1,4,1
38,32,25520,1,0,0
34,9,129814,2,9,1
40,12,187527,1,5,1
54,11,266356,0,6,1
33,46,499681,0,9,1
23,55,143364,1,2,0
25,16,454821,0,3,1
42,1,34955,0,9,1
35,45,195121,1,9,1
42,55,164989,0,9,0
29,53,483509,0,9,1
32,21,491797,1,9,1
43,30,270144,0,2,0
58,13,84925,0,0,0
62,34,389360,1,7,0
43,4,90269,2,9,0
64,28,444170,0,9,1
49,38,485833,1,1,1
27,58,323602,0,0,0
33,31,371181,1,7,1
24,59,172185,2,6,1
34,55,119977,1,6,0
40,27,326083,2,3,1
43,5,49345,0,8,1
38,25,275688,0,5,1
39,3,459529,2,1,0
24,33,392251,0,0,0
31,4,404010,0,0,0
32,25,281798,1,8,0
24,20,351310,2,3,0
26,34,198933,2,4,0
68,26,117406,0,2,0
65,5,331442,2,3,1
25,35,460437,0,7,0
67,28,327086,0,3,0
40,29,23453,1,8,0
46,9,122811,0,8,1
35,52,74935,0,5,1
48,38,404583,1,1,0
47,50,194442,0,9,0
69,6,290472,0,6,1
56,19,35534,0,8,0
52,44,367424,1,5,1
35,57,498141,1,2,0
59,11,56320,1,6,1
56,2,69170,1,4,0
34,47,120546,1,0,0
31,44,100201,2,2,0
48,44,254473,0,4,1
41,9,290784,0,6,1
52,21,251324,2,2,1
61,24,181121,0,5,0
62,34,418834,2,4,0
51,22,253612,1,0,0
20,3,207125,1,9,0
54,12,415136,1,5,0
60,28,326081,1,7,0
57,30,220796,0,0,0
43,26,163279,1,1,0
40,48,216846,1,3,0
61,21,184044,2,1,0
56,28,424015,0,8,1
32,56,222160,0,9,0
66,26,442132,0,7,0
21,33,90463,1,7,0
46,21,113500,2,3,1
39,35,227772,0,4,1
42,52,57158,1,3,1
30,34,104607,0,8,1
35,41,401783,1,1,0
50,51,265017,2,7,0
33,47,353840,0,1,0
62,18,343654,1,0,0
59,58,140076,2,9,0
61,11,78692,2,2,0
19,57,150841,1,8,0
52,23,212816,1,2,0
59,48,297954,0,8,1
51,22,418342,1,6,0
47,17,181081,2,9,0
30,5,131718,1,0,0
30,44,373076,0,9,1
35,11,20192,0,4,0
49,30,267536,0,8,1
49,15,56413,0,2,0
52,27,163888,0,8,0
56,35,59082,1,4,0
63,33,347192,0,8,1
69,20,143130,0,9,1
46,16,70940,1,5,0
66,34,183202,0,8,1
46,2,60142,0,6,1
61,35,56468,0,6,1
33,40,443914,0,7,0
61,56,161727,1,6,0
64,28,198969,0,8,0
27,47,443291,1,8,1
47,39,422575,2,5,1
42,6,411192,1,6,1
56,9,256187,1,1,1
37,20,62056,2,8,1
22,1,71831,1,0,0
18,8,341335,0,0,0
47,55,269664,0,2,0
66,23,404092,2,5,1
20,3,446488,0,4,1
62,4,128117,0,1,0
31,58,296815,1,8,1
47,25,309192,2,9,1
67,47,489490,0,3,1
21,38,308107,1,3,1
35,15,63954,0,4,0
54,21,485525,1,7,0
42,35,253192,0,9,0
65,57,377574,0,3,0
18,53,20717,2,4,0
63,53,293820,1,3,0
32,46,417650,1,5,1
26,52,200882,1,2,0
32,14,138696,0,7,1
66,36,412974,1,5,0
41,12,24994,0,9,0
21,17,286378,0,4,0
29,39,89300,0,1,0
54,9,326093,1,9,1
54,35,57405,2,9,0
60,13,317016,2,6,0
23,15,324359,1,1,0
56,18,43185,0,0,0
63,51,194514,1,6,1
41,33,464975,2,4,0
28,6,323297,0,0,0
30,59,359679,2,3,1
51,27,153653,0,3,0
42,23,71717,2,9,1
24,59,22763,2,6,1
69,27,375054,2,8,1
21,34,75480,0,1,0
25,56,189831,0,0,0
37,46,227139,0,1,0
46,38,138094,0,6,0
68,14,176379,0,9,0
62,36,247443,1,5,0
63,53,31064,1,3,1
27,8,96848,1,0,0
60,35,57548,1,0,1
51,19,188017,0,4,0
43,30,461153,2,0,1
58,14,288620,0,6,0
66,59,464972,1,0,0
20,20,372245,1,0,0
23,49,22382,2,1,0
22,25,462899,0,9,1
22,40,196348,1,2,0
64,24,446618,1,0,0
40,14,440162,0,8,1
66,26,99698,1,9,1
26,38,265762,2,7,0
52,23,263381,2,4,0
37,22,487149,0,1,0
66,48,435551,0,4,1
59,57,65095,0,5,0
52,19,493146,0,0,0
67,46,412118,0,3,0
35,51,309341,0,8,1
34,3,409763,2,1,0
41,42,42010,2,4,1
20,19,437339,0,0,0
49,9,370067,0,3,0
52,28,153962,1,3,0
55,20,412670,0,5,0
30,45,129162,1,9,0
64,7,403071,1,8,1
42,14,290170,2,2,0
26,9,347069,1,8,1
21,59,88842,1,5,0
31,55,315809,1,6,1
54,57,291421,0,9,0
51,19,193311,1,1,0
28,47,460880,1,9,1
58,52,330152,0,5,0
20,14,296827,0,5,0
45,56,151742,0,1,0
46,38,240283,2,1,0
26,53,168961,0,1,0
20,36,468828,0,9,1
42,40,195607,0,0,0
51,17,360686,1,4,0
29,30,336463,0,7,0
59,9,265144,2,1,0
26,33,374211,2,4,1
32,56,172711,1,7,0
57,52,215784,1,9,0
42,25,429849,0,4,0
22,14,272217,0,1,0
28,11,447876,1,2,0
51,53,351119,0,5,0
41,35,183244,0,4,0
32,41,472413,1,3,0
55,59,121158,0,3,0
25,14,472063,2,4,0
22,30,293721,0,1,0
65,41,359443,1,8,1
43,4,302320,1,1,0
35,59,457602,1,9,1
23,4,83972,0,1,0
54,28,402162,1,9,1
65,8,454219,2,8,1
30,2,302140,1,2,1
45,41,120922,0,9,1
22,46,368742,1,6,0
30,22,55931,1,3,0
34,41,144168,1,5,0
67,56,186782,2,3,0
57,55,143099,0,9,1
62,16,54693,1,6,0
49,29,448956,1,0,0
46,49,490457,1,2,0
68,48,128944,2,2,0
20,30,244655,2,0,1
57,12,227574,1,5,0
51,35,299518,0,8,0
57,11,489890,0,7,1
44,46,267572,1,6,1
30,50,363615,2,9,1
62,21,65913,0,7,0
50,21,405827,0,5,0
23,5,217097,0,8,1
41,48,326660,2,2,0
36,20,107796,0,9,0
33,37,308213,1,9,1
57,3,400477,1,8,1
45,44,469449,2,3,0
50,33,104811,1,6,1
65,53,210121,1,8,0
58,9,252892,0,1,0
30,9,400172,1,1,0
60,4,59178,1,8,0
62,35,314965,2,2,0
42,17,464943,0,8,1
59,34,474151,0,4,0
53,24,36999,0,5,1
44,32,475738,0,1,0
55,1,320856,2,7,0
24,8,215623,0,8,1
22,45,191244,1,1,0
60,23,315866,0,5,0
62,47,292769,0,5,1
68,40,218237,1,7,1
48,12,489725,0,9,1
40,54,26859,0,4,1
59,12,454825,1,8,1
27,46,456523,1,0,0
49,47,130986,0,8,0
60,15,252654,2,9,0
47,41,303983,1,6,0
56,19,309360,1,3,1
48,26,335097,0,2,0
35,52,497697,0,9,1
53,29,473809,0,5,1
19,22,485291,0,0,0
31,40,69522,1,2,0
30,21,250233,2,1,1
46,51,418102,1,8,1
29,38,393393,0,2,0
56,20,27485,1,1,1
19,57,444671,0,3,1
49,29,263056,1,1,1
30,51,429983,1,0,0
63,4,132701,1,5,0
44,55,441669,2,9,1
66,7,227352,0,7,1
58,28,122638,1,9,0
34,28,204514,2,9,0
57,4,465093,1,1,0
48,22,294370,1,8,0
51,12,113405,2,2,0
41,45,304732,0,7,0
62,3,230048,2,7,1
52,22,182781,0,2,0
65,44,461004,1,2,0
23,2,57019,2,5,0
36,24,458164,0,0,0
47,34,281497,1,3,1
24,27,85133,0,0,0
27,55,396588,2,2,0
58,41,217530,2,8,0
49,1,399747,1,4,0
51,8,178598,1,4,0
45,23,486709,2,3,0
32,38,148585,0,2,0
47,6,465414,1,4,1
54,22,265172,1,3,0
46,25,325539,0,7,0
39,18,437247,0,3,0
21,17,488758,0,7,0
37,12,145814,0,5,0
49,6,450917,2,4,0
53,26,394743,1,3,1
67,27,45939,1,3,0
21,8,462361,0,3,1
44,19,433540,0,8,1
34,42,173939,0,3,1
29,1,282347,1,8,0
39,57,429760,1,9,1
34,29,429115,2,5,0
27,45,311207,1,9,1
18,49,110880,1,6,1
39,35,23748,1,9,0
43,40,256094,2,2,0
35,14,399413,1,7,1
67,35,479845,0,2,0
31,48,362908,1,0,0
64,45,171956,1,9,1
46,20,176255,1,4,0
29,56,494786,0,1,0
53,49,484462,2,9,1
52,13,390180,2,5,1
69,38,170331,0,9,0
29,49,187031,2,8,0
24,46,398669,0,0,0
46,49,446673,0,3,1
28,8,367823,0,0,0
50,43,145829,0,0,0
23,20,148216,2,7,0
64,33,415319,0,1,1
32,26,85901,0,0,1
49,39,263386,0,7,0
68,21,195607,0,3,0
28,53,429319,0,2,1
40,49,118046,1,3,0
43,42,372156,0,4,0
51,43,98278,2,0,0
63,54,294535,2,0,0
51,41,122476,0,2,0
46,9,442117,2,5,0
21,24,402865,0,0,0
34,37,117537,0,1,0
52,49,363303,0,6,1
30,41,481130,0,0,0
58,17,413184,1,6,1
56,24,201429,1,3,0
32,21,237980,0,9,0
46,51,451653,1,5,0
46,59,317647,0,7,0
28,39,95403,1,8,1
69,55,454474,0,5,0
49,41,446940,0,8,1
19,39,84286,0,3,0
64,13,356986,0,5,1
31,11,124927,1,7,1
37,46,297052,2,8,1
39,19,463842,0,2,0
28,11,319372,1,1,0
44,13,43386,1,5,0
20,46,197826,2,3,0
34,45,310446,0,0,0
61,1,342959,1,7,0
45,40,272156,2,8,0
46,44,497964,1,8,1
38,19,345488,0,1,0
64,12,448834,0,8,1
33,8,393747,0,6,1
54,8,489450,1,4,0
37,53,343258,1,6,0
23,45,268724,0,8,0
36,12,221202,1,7,1
22,48,45525,1,5,1
20,33,99818,1,3,0
18,45,134589,1,0,0
55,26,165406,2,5,0
32,39,114715,0,2,1
51,28,213839,2,5,1
52,58,288788,0,5,0
66,5,383298,0,3,0
42,8,446149,0,1,0
41,25,277438,0,8,0
29,27,325613,0,1,0
35,46,446903,0,2,0
32,23,388753,2,9,1
61,30,465872,0,0,0
33,45,430591,1,6,1
44,47,347350,0,0,0
25,23,378606,2,8,1
63,49,187679,1,0,0
42,47,103178,0,4,0
34,20,437209,1,6,0
46,18,195458,1,2,0
25,18,274466,1,8,0
32,2,459503,1,7,1
44,4,106724,1,2,0
63,30,249204,1,4,0
67,33,116393,1,6,0
69,36,409458,0,3,0
24,18,96312,2,4,0
20,37,357468,0,2,1
